<core:FragmentDefinition xmlns="sap.m" xmlns:l="sap.ui.layout" xmlns:core="sap.ui.core">
                <Dialog title="Capacity of Staff" icon="sap-icon://task">
                               <beginButton>
			<Button text="Cancel" press="onCancel" type="Reject"/>
		</beginButton>
		<endButton>
			<Button text="Save" press="onSaveStaffCapacity" type="Accept"/>
		</endButton>
		<content>
			<sap.ui.layout.form:SimpleForm xmlns:sap.ui.layout.form="sap.ui.layout.form" editable="true" layout="ResponsiveGridLayout">
				<sap.ui.layout.form:content>
					<Label text="Name"/>
					<Input width="100%" id="scname"/>
					<Label text="Position"/>
					<Input width="100%" id="scposition"/>
					<Label xmlns="sap.m" xmlns:core="sap.ui.core" xmlns:sap.ui.layout.form="sap.ui.layout.form" text="Contact Details"/>
					<TextArea xmlns:mvc="sap.ui.core.mvc" xmlns:sap.ui.layout.form="sap.ui.layout.form" xmlns:sap.ui.core="sap.ui.core" xmlns="sap.m" rows="3"/>
					<Label xmlns:l="sap.ui.layout" xmlns="sap.m" xmlns:core="sap.ui.core" xmlns:sap.ui.layout.form="sap.ui.layout.form" text="ID Number"/>
					<Input xmlns:l="sap.ui.layout" xmlns:core="sap.ui.core" xmlns:sap.ui.layout.form="sap.ui.layout.form" xmlns="sap.m" width="100%"/>
					<Label xmlns:l="sap.ui.layout" xmlns="sap.m" xmlns:core="sap.ui.core" xmlns:sap.ui.layout.form="sap.ui.layout.form" text="Gender"/>
					<ComboBox xmlns:l="sap.ui.layout" xmlns:core="sap.ui.core" xmlns:sap.ui.layout.form="sap.ui.layout.form" xmlns="sap.m" id="scgender">
					    <items>
					        <core:Item xmlns:core="sap.ui.core" key="item-1-key" text="Male"/>
					        <core:Item xmlns:core="sap.ui.core" key="item-2-key" text="Female"/>
					        </items>
					    
					</ComboBox>
					<Label xmlns="sap.m" xmlns:core="sap.ui.core" xmlns:sap.ui.layout.form="sap.ui.layout.form" text="Race"/>
					<ComboBox xmlns:core="sap.ui.core" xmlns:sap.ui.layout.form="sap.ui.layout.form" xmlns="sap.m">
						<items>
							<core:Item xmlns:core="sap.ui.core" key="item-1-key" text="Black"/>
							<core:Item xmlns:core="sap.ui.core" key="item-2-key" text="White"/>
							<core:Item xmlns="sap.m" xmlns:sap.ui.layout.form="sap.ui.layout.form" xmlns:core="sap.ui.core" key="item-2-key" text="Coloured"/>
							<core:Item xmlns="sap.m" xmlns:sap.ui.layout.form="sap.ui.layout.form" xmlns:core="sap.ui.core" key="item-2-key" text="Asian"/>
						</items>
					</ComboBox>
					<Label xmlns="sap.m" xmlns:core="sap.ui.core" xmlns:sap.ui.layout.form="sap.ui.layout.form" text="Disabled"/>
					<ComboBox xmlns="sap.m">
						<items>
							<core:Item xmlns:core="sap.ui.core" key="item-1-key" text="No"/>
							<core:Item xmlns:core="sap.ui.core" key="item-2-key" text="Yes"/>
						</items>
					</ComboBox>
					<Label xmlns="sap.m" xmlns:core="sap.ui.core" xmlns:sap.ui.layout.form="sap.ui.layout.form" text="Nature of Disability"/>
					<Input width="100%"/>
					<Label xmlns="sap.m" xmlns:core="sap.ui.core" xmlns:sap.ui.layout.form="sap.ui.layout.form" text="Experience and Specific Expertise in Area of Delivery" wrapping="true"/>
					<Input xmlns="sap.m" xmlns:core="sap.ui.core" xmlns:sap.ui.layout.form="sap.ui.layout.form" width="100%"/>
				</sap.ui.layout.form:content>
			</sap.ui.layout.form:SimpleForm>
		</content>
                </Dialog>
</core:FragmentDefinition>